-- BASE_QUALIFICATIONS
INSERT INTO base_qualifications (ID, CREATED_AT, DELETED, UPDATED_AT, DESCRIPTION, MAX_SCORE) VALUES ('1', '2021-10-06 08:00:00', 0, '2021-10-06 08:00:00', 'Cumplimiento de especificaciones del proponente', '15');

INSERT INTO base_qualifications (ID, CREATED_AT, DELETED, UPDATED_AT, DESCRIPTION, MAX_SCORE) VALUES ('2', '2021-10-06 08:00:00', 0, '2021-10-06 08:00:00', 'Claridad en la organización de la empresa del proponente', '10');

INSERT INTO base_qualifications (ID, CREATED_AT, DELETED, UPDATED_AT, DESCRIPTION, MAX_SCORE) VALUES ('3', '2021-10-06 08:00:00', 0, '2021-10-06 08:00:00', 'Cumplimiento de especificaciones técnicas', '30');

INSERT INTO base_qualifications (ID, CREATED_AT, DELETED, UPDATED_AT, DESCRIPTION, MAX_SCORE) VALUES ('4', '2021-10-06 08:00:00', 0, '2021-10-06 08:00:00', 'Claridad en el proceso de desarrollo', '10');

INSERT INTO base_qualifications (ID, CREATED_AT, DELETED, UPDATED_AT, DESCRIPTION, MAX_SCORE) VALUES ('5', '2021-10-06 08:00:00', 0, '2021-10-06 08:00:00', 'Plazo de ejecución', '10');

INSERT INTO base_qualifications (ID, CREATED_AT, DELETED, UPDATED_AT, DESCRIPTION, MAX_SCORE) VALUES ('6', '2021-10-06 08:00:00', 0, '2021-10-06 08:00:00', 'Precio total', '15');

INSERT INTO base_qualifications (ID, CREATED_AT, DELETED, UPDATED_AT, DESCRIPTION, MAX_SCORE) VALUES ('7', '2021-10-06 08:00:00', 0, '2021-10-06 08:00:00', 'Uso de herramientas en el proceso de desarrollo', '10');

-- USERS
INSERT INTO users (ID, CREATED_AT, DELETED, UPDATED_AT, EMAIL) VALUES ('1', TIMESTAMP '2021-10-11 12:34:21.209963', FALSE, TIMESTAMP '2021-10-11 12:35:17.118047','leticia@email');
INSERT INTO users (ID, CREATED_AT, DELETED, UPDATED_AT, EMAIL) VALUES ('2', TIMESTAMP '2021-10-11 12:34:21.209963', FALSE, TIMESTAMP '2021-10-11 12:35:17.118047','adasoftsrl@gmail.com');
INSERT INTO users (ID, CREATED_AT, DELETED, UPDATED_AT, EMAIL) VALUES ('3', TIMESTAMP '2021-10-11 12:34:21.209963', FALSE, TIMESTAMP '2021-10-11 12:35:17.118047','acme@gmail.com');

--SEMESTERS
INSERT INTO semesters(ID, CREATED_AT, DELETED, UPDATED_AT, SEMESTER, NOW) VALUES ('1', TIMESTAMP '2021-02-11 12:34:21.209963', FALSE, TIMESTAMP '2021-02-11 12:35:17.118047','2-2021',TRUE);
INSERT INTO semesters(ID, CREATED_AT, DELETED, UPDATED_AT, SEMESTER, NOW) VALUES ('2', TIMESTAMP '2021-02-11 12:34:21.209963', FALSE, TIMESTAMP '2021-02-11 12:35:17.118047','1-2021',FALSE);
INSERT INTO semesters(ID, CREATED_AT, DELETED, UPDATED_AT, SEMESTER, NOW) VALUES ('3', TIMESTAMP '2020-02-11 12:34:21.209963', FALSE, TIMESTAMP '2020-02-11 12:35:17.118047','2-2020',FALSE);
INSERT INTO semesters(ID, CREATED_AT, DELETED, UPDATED_AT, SEMESTER, NOW) VALUES ('4', TIMESTAMP '2020-02-11 12:34:21.209963', FALSE, TIMESTAMP '2020-02-11 12:35:17.118047','1-2020',FALSE);
INSERT INTO semesters(ID, CREATED_AT, DELETED, UPDATED_AT, SEMESTER, NOW) VALUES ('5', TIMESTAMP '2019-02-11 12:34:21.209963', FALSE, TIMESTAMP '2019-02-11 12:35:17.118047','2-2019',FALSE);
INSERT INTO semesters(ID, CREATED_AT, DELETED, UPDATED_AT, SEMESTER, NOW) VALUES ('6', TIMESTAMP '2019-02-11 12:34:21.209963', FALSE, TIMESTAMP '2019-02-11 12:35:17.118047','1-2019',FALSE);

-- ADVISERS
INSERT INTO advisers (ID, FIRST_NAME, LAST_NAME)VALUES ( '1', 'Maria Leticia', 'Blanco Coca');

-- CLASS_CODES
INSERT INTO CLASS_CODES(ID, CREATED_AT, DELETED, UPDATED_AT, CODE, FK_ADVISER_ID) VALUES ('1', TIMESTAMP '2021-11-07 21:56:27.36174', 0, TIMESTAMP '2021-11-07T21:56:27.36175', 'jey-ibl-glp','1');

--PROJECT
INSERT INTO projects (ID, CREATED_AT, DELETED, UPDATED_AT, TITLE) VALUES ('1','2021-10-06 08:00:00',0,'2021-10-06 08:00:00','TIS Plataform');
INSERT INTO projects (ID, CREATED_AT, DELETED, UPDATED_AT, TITLE) VALUES ('2','2021-10-06 08:00:00',0,'2021-10-06 08:00:00','Mail TIS');

-- COMPANIES
INSERT INTO companies(ID, SHORT_NAME, NAME, COMPANY_TYPE, ADDRESS, FK_ADVISER_ID,FK_PROJECT_ID,FK_SEMESTER_ID) VALUES ('2','ADASOFT','ADA SOFTWARE', 'SRL', 'Jordan y Oquendo', '1','1','1');
INSERT INTO partners(FK_COMPANY_ID,ID,NAME,EMAIL, CREATED_AT, DELETED, UPDATED_AT) VALUES ('2','1','Luis Tapia','luistapia2998@gmail.com','2021-10-06 08:00:00',0,'2021-10-06 08:00:00');
INSERT INTO partners(FK_COMPANY_ID,ID,NAME,EMAIL, CREATED_AT, DELETED, UPDATED_AT) VALUES ('2','2','Violeta Guzman','violeta@gmail.com','2021-10-06 08:00:00',0,'2021-10-06 08:00:00');
INSERT INTO partners(FK_COMPANY_ID,ID,NAME,EMAIL, CREATED_AT, DELETED, UPDATED_AT) VALUES ('2','3','Leonardo Roldan','leo@gmail.com','2021-10-06 08:00:00',0,'2021-10-06 08:00:00');

INSERT INTO companies(ID, SHORT_NAME, NAME, COMPANY_TYPE, ADDRESS, FK_ADVISER_ID,FK_SEMESTER_ID) VALUES ('3','Acme','Acme Company', 'SA', 'Jordan y Oquendo', '1','1');
INSERT INTO partners(FK_COMPANY_ID,ID,NAME,EMAIL, CREATED_AT, DELETED, UPDATED_AT) VALUES ('3','4','Alguien Asdfd','email1@gmail.com','2021-10-06 08:00:00',0,'2021-10-06 08:00:00');
INSERT INTO partners(FK_COMPANY_ID,ID,NAME,EMAIL, CREATED_AT, DELETED, UPDATED_AT) VALUES ('3','5','Alguien Bbbbb','email2@gmail.com','2021-10-06 08:00:00',0,'2021-10-06 08:00:00');
INSERT INTO partners(FK_COMPANY_ID,ID,NAME,EMAIL, CREATED_AT, DELETED, UPDATED_AT) VALUES ('3','6','Alguien Ccccc','email3@gmail.com','2021-10-06 08:00:00',0,'2021-10-06 08:00:00');

--COMPANIES FROM CSV in h2
INSERT INTO users(ID, CREATED_AT, DELETED, UPDATED_AT, EMAIL) SELECT ID, CURRENT_TIMESTAMP, FALSE, CURRENT_TIMESTAMP, EMAIL from CSVREAD('src\\main\\resources\\companies.csv', NULL );
INSERT INTO COMPANIES( ID, SHORT_NAME, NAME, COMPANY_TYPE, ADDRESS, FK_ADVISER_ID,FK_SEMESTER_ID) SELECT ID,SHORT_NAME,NAME,COMPANY_TYPE,ADDRESS,FK_ADVISER_ID,FK_SEMESTER_ID FROM CSVREAD( 'src\\main\\resources\\companies.csv', NULL );

-- PROPOSALS
INSERT INTO proposals (CREATED_AT, DELETED, UPDATED_AT, CREATED_BY, PART, FILE_URL, ADVISER) VALUES ('2021-10-06 08:00:00',0,'2021-10-06 08:00:00','1','A','/files/ADASOFTParteA.pdf','1');
INSERT INTO proposals (CREATED_AT, DELETED, UPDATED_AT, CREATED_BY, PART, FILE_URL, ADVISER) VALUES ('2021-10-06 08:00:00',0,'2021-10-06 08:00:00','1','B','/files/ADASOFTParteB.pdf','1');


-- PUBLICATIONS
-- ANNOUNCEMENT
INSERT INTO publications (ID, CREATED_AT, DELETED, UPDATED_AT, FK_ADVISER_ID, TITLE, DATE, CODE, FK_SEMESTER_ID, FILE_URL, TYPE) VALUES ('1','2021-10-06 08:00:00',0,'2021-10-06 08:00:00','1','Título de una nueva convocatoria','2021-09-06 08:00:00','CPTIS-0609-2021','1','https://drive.google.com/file/d/1Y1UxDtPa7Qr7uPzJ32D6pB7nwbCrrXxe/view?usp=sharing','0');
INSERT INTO publications (ID, CREATED_AT, DELETED, UPDATED_AT, FK_ADVISER_ID, TITLE, DATE, CODE, FK_SEMESTER_ID, FILE_URL, TYPE) VALUES ('2','2020-10-06 08:00:00',0,'2020-10-06 08:00:00','1','Título de una nueva convocatoria','2020-10-06 08:00:00','CPTIS-0610-2020','3','https://drive.google.com/file/d/1Y1UxDtPa7Qr7uPzJ32D6pB7nwbCrrXxe/view?usp=sharing','0');
INSERT INTO publications (ID, CREATED_AT, DELETED, UPDATED_AT, FK_ADVISER_ID, TITLE, DATE, CODE, FK_SEMESTER_ID, FILE_URL, TYPE) VALUES ('3','2021-10-06 08:00:00',0,'2021-10-06 08:00:00','1','Título de una nueva convocatoria','2021-10-07 08:00:00','CPTIS-0710-2021','1','https://drive.google.com/file/d/1Y1UxDtPa7Qr7uPzJ32D6pB7nwbCrrXxe/view?usp=sharing','0');
INSERT INTO publications (ID, CREATED_AT, DELETED, UPDATED_AT, FK_ADVISER_ID, TITLE, DATE, CODE, FK_SEMESTER_ID, FILE_URL, TYPE) VALUES ('4','2021-03-06 08:00:00',0,'2021-03-06 08:00:00','1','Título de una nueva convocatoria','2021-10-08 08:00:00','CPTIS-0810-2021','1','https://drive.google.com/file/d/1Y1UxDtPa7Qr7uPzJ32D6pB7nwbCrrXxe/view?usp=sharing','0');
INSERT INTO publications (ID, CREATED_AT, DELETED, UPDATED_AT, FK_ADVISER_ID, TITLE, DATE, CODE, FK_SEMESTER_ID, FILE_URL, TYPE) VALUES ('5','2021-10-06 08:00:00',0,'2021-10-06 08:00:00','1','Título de una nueva convocatoria','2021-10-09 08:00:00','CPTIS-0910-2021','1','https://drive.google.com/file/d/1Y1UxDtPa7Qr7uPzJ32D6pB7nwbCrrXxe/view?usp=sharing','0');
INSERT INTO publications (ID, CREATED_AT, DELETED, UPDATED_AT, FK_ADVISER_ID, TITLE, DATE, CODE, FK_SEMESTER_ID, FILE_URL, TYPE) VALUES ('6','2021-10-06 08:00:00',0,'2021-10-06 08:00:00','1','Título de una nueva convocatoria','2021-10-10 08:00:00','CPTIS-1010-2021','1','https://drive.google.com/file/d/1Y1UxDtPa7Qr7uPzJ32D6pB7nwbCrrXxe/view?usp=sharing','0');
-- SPECIFICATION_SHEETS
INSERT INTO publications (ID, CREATED_AT, DELETED, UPDATED_AT, FK_ADVISER_ID, TITLE, DATE, CODE, FK_SEMESTER_ID, FILE_URL, TYPE) VALUES ('7','2021-10-06 08:00:00',0,'2021-10-06 08:00:00','1','Título de una nueva convocatoria','2021-10-09 08:00:00','PETIS-0910-2021','1','https://drive.google.com/file/d/1Y1UxDtPa7Qr7uPzJ32D6pB7nwbCrrXxe/view?usp=sharing','1');
INSERT INTO publications (ID, CREATED_AT, DELETED, UPDATED_AT, FK_ADVISER_ID, TITLE, DATE, CODE, FK_SEMESTER_ID, FILE_URL, TYPE) VALUES ('8','2021-10-06 08:00:00',0,'2021-10-06 08:00:00','1','Título de una nueva convocatoria','2021-10-10 08:00:00','PETIS-1010-2021','1','https://drive.google.com/file/d/1Y1UxDtPa7Qr7uPzJ32D6pB7nwbCrrXxe/view?usp=sharing','1');

-- SPACES
INSERT INTO spaces (ID,CREATED_AT, DELETED, UPDATED_AT, TITLE, FK_PROJECT_ID, LIMIT_DATE, DESCRIPTION, FK_ADVISER_ID, SPACE_TYPE) VALUES ('1','2021-10-06 08:00:00',0,'2021-10-06 08:00:00','Parte A','1', '2021-11-06 08:00:00', 'Espacio para subir la Parte A', '1', 0);
INSERT INTO spaces (ID,CREATED_AT, DELETED, UPDATED_AT, TITLE, FK_PROJECT_ID, LIMIT_DATE, DESCRIPTION, FK_ADVISER_ID, SPACE_TYPE) VALUES ('2','2021-10-06 08:00:00',0,'2021-10-06 08:00:00','Parte B','1', '2021-11-28 08:00:00', 'Espacio para subir la Parte A', '1', 0);
INSERT INTO spaces (ID,CREATED_AT, DELETED, UPDATED_AT, TITLE, FK_PROJECT_ID, LIMIT_DATE, DESCRIPTION, FK_ADVISER_ID, SPACE_TYPE) VALUES ('3','2021-10-06 08:00:00',0,'2021-10-06 08:00:00','Parte A Corregida','1', '2021-12-06 08:00:00', 'Espacio para subir la Parte A corregida', '1', 0);
INSERT INTO spaces (ID,CREATED_AT, DELETED, UPDATED_AT, TITLE, FK_PROJECT_ID, LIMIT_DATE, DESCRIPTION, FK_ADVISER_ID, SPACE_TYPE) VALUES ('4','2021-10-06 08:00:00',0,'2021-10-06 08:00:00','Parte B Corregida','1', '2021-12-06 08:00:00', 'Espacio para subir la Parte B corregida', '1', 0);
INSERT INTO spaces (ID,CREATED_AT, DELETED, UPDATED_AT, TITLE, FK_PROJECT_ID, LIMIT_DATE, DESCRIPTION, FK_ADVISER_ID, SPACE_TYPE) VALUES ('5','2021-10-06 08:00:00',0,'2021-10-06 08:00:00','Contrato','1', '2021-12-16 08:00:00', 'Espacio para subir el contrato firmado', '1', 0);

-- SPACE_ANSWERS
INSERT INTO space_answers (ID,CREATED_AT, DELETED, UPDATED_AT, FK_COMPANY_ID, FK_SPACE_ID) VALUES ('1', TIMESTAMP '2021-11-07 21:56:27.36174', 0, TIMESTAMP '2021-11-07T21:56:27.36175','2','1');
INSERT INTO space_answers (ID,CREATED_AT, DELETED, UPDATED_AT, FK_COMPANY_ID, FK_SPACE_ID) VALUES ('2', TIMESTAMP '2021-11-07 21:56:27.36174', 0, TIMESTAMP '2021-11-07T21:56:27.36175','2','1');
INSERT INTO space_answers (ID,CREATED_AT, DELETED, UPDATED_AT, FK_COMPANY_ID, FK_SPACE_ID) VALUES ('3', TIMESTAMP '2021-11-07 21:56:27.36174', 0, TIMESTAMP '2021-11-07T21:56:27.36175','3','1');

-- FILES
INSERT INTO files (ID, DELETED, NAME, URL) VALUES ('1', 0, 'AdaSoftParteA.pdf', 'https://firebasestorage.googleapis.com/v0/b/tis-storage.appspot.com/o/AdaSoftParteA.pdf?alt=media&token=abe66b00-508f-4821-a7fd-6d359a83fe4f');
INSERT INTO files (ID, DELETED, NAME, URL) VALUES ('1', 0, 'AdaSoftParteA.pdf', 'https://firebasestorage.googleapis.com/v0/b/tis-storage.appspot.com/o/Fundempresa%20TIS.pdf?alt=media&token=df9e5f85-1e50-4434-aaa1-450375effff1');
INSERT INTO files (ID, DELETED, NAME, URL) VALUES ('2', 0, 'AdaSoftParteA.pdf', 'https://firebasestorage.googleapis.com/v0/b/tis-storage.appspot.com/o/AdaSoftParteA.pdf?alt=media&token=abe66b00-508f-4821-a7fd-6d359a83fe4f');
INSERT INTO files (ID, DELETED, NAME, URL) VALUES ('3', 0, 'acmeParteA.pdf', 'https://firebasestorage.googleapis.com/v0/b/tis-storage.appspot.com/o/AdaSoftParteA.pdf?alt=media&token=abe66b00-508f-4821-a7fd-6d359a83fe4f');

--REVIEW
INSERT INTO reviews (ID,CREATED_AT, DELETED, UPDATED_AT, STATUS, FK_COMPANY_ID, FK_ADVISER_ID) VALUES ('1', '2021-11-16 15:45:51.012352',FALSE, '2021-11-16 15:45:51.012352', '3', '2', '1');
INSERT INTO reviews_spaces(REVIEW_ID,SPACES_ID) VALUES ('1', '1');
INSERT INTO reviews (ID,CREATED_AT, DELETED, UPDATED_AT, STATUS, FK_COMPANY_ID, FK_ADVISER_ID) VALUES ('2', '2021-11-16 15:45:51.012352',FALSE, '2021-11-16 15:45:51.012352', '4', '2', '1');
INSERT INTO reviews_spaces(REVIEW_ID,SPACES_ID) VALUES ('2', '1');
INSERT INTO reviews (ID,CREATED_AT, DELETED, UPDATED_AT, STATUS, FK_COMPANY_ID, FK_ADVISER_ID) VALUES ('3', '2021-11-16 15:45:51.012352',FALSE, '2021-11-16 15:45:51.012352', '0' , '2', '1');
INSERT INTO reviews_spaces(REVIEW_ID,SPACES_ID) VALUES ('3', '1');

-- OBSERVATIONS
INSERT INTO observations (ID, CREATED_AT, DELETED, UPDATED_AT, FK_REVIEW_ID, TITLE, DESCRIPTION) VALUES ('1','2021-10-06 08:00:00',0,'2021-10-06 08:00:00','1','seccion 1','esta es una observacion');

--COMPANY_SPACES
INSERT INTO company_spaces (ID, FK_COMPANY_ID, FK_SPACE_ID, FK_REVIEW_ID, CREATED_AT, DELETED, UPDATED_AT) VALUES (NULL,'2','1',NULL,'2021-10-06 08:00:00',0,'2021-10-06 08:00:00');
INSERT INTO company_spaces (ID, FK_COMPANY_ID, FK_SPACE_ID, FK_REVIEW_ID, CREATED_AT, DELETED, UPDATED_AT) VALUES (NULL,'2','2',NULL,'2021-10-06 08:00:00',0,'2021-10-06 08:00:00');
INSERT INTO company_spaces (ID, FK_COMPANY_ID, FK_SPACE_ID, FK_REVIEW_ID, CREATED_AT, DELETED, UPDATED_AT) VALUES (NULL,'2','3','1','2021-10-06 08:00:00',0,'2021-10-06 08:00:00');
INSERT INTO company_spaces (ID, FK_COMPANY_ID, FK_SPACE_ID, FK_REVIEW_ID, CREATED_AT, DELETED, UPDATED_AT) VALUES (NULL,'2','4','1','2021-10-06 08:00:00',0,'2021-10-06 08:00:00');
INSERT INTO company_spaces (ID, FK_COMPANY_ID, FK_SPACE_ID, FK_REVIEW_ID, CREATED_AT, DELETED, UPDATED_AT) VALUES (NULL,'3','1',NULL,'2021-10-06 08:00:00',0,'2021-10-06 08:00:00');
INSERT INTO company_spaces (ID, FK_COMPANY_ID, FK_SPACE_ID, FK_REVIEW_ID, CREATED_AT, DELETED, UPDATED_AT) VALUES (NULL,'3','2',NULL,'2021-10-06 08:00:00',0,'2021-10-06 08:00:00');
